,CNC Programmer,https://www.linkedin.com/jobs/view/3632963205/,"Anaheim, CA (On-site)",2023-09-09 22:48:40.056308
,Swiss CNC Programmer and set up,https://www.linkedin.com/jobs/view/3688959074/,"Milford, CT (On-site)",2023-09-09 22:49:52.944503
,Coordinate Measuring Machine Programmer (CMM),https://www.linkedin.com/jobs/view/3681688712/,Grand Rapids Metropolitan Area (Hybrid),2023-09-09 22:51:13.204636
,Lawson ERP Engineer,https://www.linkedin.com/jobs/view/3690174257/,Dallas-Fort Worth Metroplex (Hybrid),2023-09-09 22:52:29.331774
,Quantitative Developer / CTO,https://www.linkedin.com/jobs/view/3709734119/,United States (Remote),2023-09-09 22:53:53.295413
,"CMM / PCDMIS / Polyworks programmer/operator, $5000 sign on bonus",https://www.linkedin.com/jobs/view/3492927721/,"Clinton Township, MI (On-site)",2023-09-09 22:55:08.688413
,DevOps Engineer,https://www.linkedin.com/jobs/view/3701471161/,"Silver Spring, MD (Hybrid)",2023-09-09 22:56:21.610839
,Growth Hacker,https://www.linkedin.com/jobs/view/3701701529/,Denver Metropolitan Area (Hybrid),2023-09-09 22:57:36.477562
,Full Stack Software Engineer (SF/NY),https://www.linkedin.com/jobs/view/3631480354/,San Francisco Bay Area (On-site),2023-09-09 22:58:53.861365
,Coordinate Measuring Machine Programmer,https://www.linkedin.com/jobs/view/3577080827/,"Windsor Mill, MD (On-site)",2023-09-09 23:00:15.906645
,C++ Trading Systems Developer (C++),https://www.linkedin.com/jobs/view/3681126959/,"Chicago, IL (On-site)",2023-09-09 23:01:27.481564
,Embedded Software Engineer,https://www.linkedin.com/jobs/view/3705379796/,"St Louis, MO (On-site)",2023-09-09 23:02:49.449741
,ServiceNow Developer (TS/SCI),https://www.linkedin.com/jobs/view/3486418486/,"Quantico, VA (On-site)",2023-09-09 23:04:08.191031
,Cyber Systems Engineer,https://www.linkedin.com/jobs/view/3672507508/,Greater Colorado Springs Area (On-site),2023-09-09 23:05:25.117414
,Senior CNC Programmer,https://www.linkedin.com/jobs/view/3691284538/,"Orange, TX (Hybrid)",2023-09-09 23:06:42.846853
,ServiceNOW Developer,https://www.linkedin.com/jobs/view/3697090486/,"Chantilly, VA (On-site)",2023-09-09 23:08:07.797237
,Software Engineers **CLEARED**,https://www.linkedin.com/jobs/view/3706091618/,"Annapolis Junction, MD (On-site)",2023-09-09 23:09:20.120200
,Data Engineer,https://www.linkedin.com/jobs/view/3691794161/,"Dublin, OH (On-site)",2023-09-09 23:10:44.591735
,Full-Stack Microsoft .NET Developer (C#) in Agile Software Team,https://www.linkedin.com/jobs/view/3689574690/,"Atlanta, GA (Hybrid)",2023-09-09 23:12:09.460975
,Ruby on Rails Developer,https://www.linkedin.com/jobs/view/3695475755/,United States (Remote),2023-09-09 23:13:27.896359
,OpenText Application Developer (ECRM),https://www.linkedin.com/jobs/view/3706565886/,"Houston, TX (Hybrid)",2023-09-09 23:14:49.411078
,Systems Solution Engineer,https://www.linkedin.com/jobs/view/3708911776/,"East Lansing, MI (Hybrid)",2023-09-09 23:16:05.258166
,TCP / UDP Programmer,https://www.linkedin.com/jobs/view/3709718543/,United States (Remote),2023-09-09 23:17:23.112349
,Firmware Engineer,https://www.linkedin.com/jobs/view/3705737801/,"Belgrade, MT (On-site)",2023-09-09 23:17:56.911845
